id;name;deleted;created_at;updated_at
1;about recklessly around;true;2026-04-19T20:56:56;2026-04-20T03:46:02
2;sometimes now;true;2026-04-19T15:01:48;2026-04-20T05:31:56
3;obvious;true;2026-04-20T08:02:56;2026-04-20T05:37:35
4;joyously testimonial phew;true;2026-04-19T09:11:29;2026-04-20T05:59:53
5;fall reflecting after;true;2026-04-20T05:52:43;2026-04-19T10:39:10
6;personalise;false;2026-04-19T11:47:16;2026-04-20T06:36:16
7;favorite;true;2026-04-19T10:54:32;2026-04-19T14:05:37
8;er;false;2026-04-20T02:35:51;2026-04-20T02:53:38
9;stealthily for;false;2026-04-20T03:13:29;2026-04-20T03:39:25
10;if;false;2026-04-20T08:05:15;2026-04-20T07:00:57
11;motor yieldingly transom;true;2026-04-20T03:59:46;2026-04-20T05:28:25
12;consequently lest;true;2026-04-20T03:35:14;2026-04-19T15:56:59
13;given near even;true;2026-04-19T14:50:22;2026-04-20T00:24:30
14;regularly lest;true;2026-04-20T03:45:56;2026-04-19T23:28:39
15;illiterate assured phooey;true;2026-04-19T19:22:47;2026-04-20T02:33:25
16;gadzooks off inasmuch;true;2026-04-20T01:32:29;2026-04-20T07:39:10
17;meh unusual;true;2026-04-19T23:56:26;2026-04-20T05:52:52
18;shell;false;2026-04-19T19:16:13;2026-04-19T10:37:32
19;yet wise on;true;2026-04-20T03:50:52;2026-04-19T11:01:05
20;until;true;2026-04-20T01:01:31;2026-04-19T12:16:15
21;yowza anticodon until;true;2026-04-19T16:48:43;2026-04-19T13:29:49
22;fumigate;false;2026-04-19T13:41:08;2026-04-20T02:04:57
23;long save incidentally;true;2026-04-20T05:30:19;2026-04-20T00:03:13
24;ouch defiantly;false;2026-04-19T16:03:20;2026-04-19T19:29:04
25;worthless whoever than;false;2026-04-20T03:32:36;2026-04-19T12:23:52
26;promptly;true;2026-04-19T11:44:33;2026-04-19T16:29:06
27;under;false;2026-04-19T22:26:15;2026-04-19T15:58:08
28;phew;true;2026-04-19T21:09:30;2026-04-19T15:28:00
29;down neglect sleepy;false;2026-04-20T01:16:57;2026-04-19T20:48:27
30;clueless save;false;2026-04-19T12:50:04;2026-04-20T08:09:01
