id;number;date;due_date;payment_terms_days;party_name;party_state;business_state;subtotal;item_discount_total;overall_discount_kind;overall_discount_value;overall_discount_amount;taxable_value;cgst;sgst;igst;tax_total;total;paid_amount;status;kind;source_invoice_id;notes;terms;finalized_at;deleted;created_at;updated_at
1;valentine luck unto;2026-04-20T04:57:11;2026-04-19T14:43:21;3079;posh;save if ostrich;ugh;8304.58;26497.35;PERCENT;15018.06;12303.7;17353.8;26265.38;25325.72;30034.81;9475.24;3840.47;31800.77;DRAFT;INVOICE;2941;in vivaciously hammock;fat unless meanwhile;2026-04-19T12:49:10;true;2026-04-20T03:40:59;2026-04-19T19:59:12
2;till young how;2026-04-20T08:56:46;2026-04-19T13:02:05;738;before phew;irritably anenst divert;given;1753.84;26949.33;AMOUNT;10854.09;25455.99;16290.66;16771.21;15316.26;4440.73;25052.92;19921.76;26386.04;FINAL;CREDIT_NOTE;15906;incidentally per;ocelot;2026-04-19T14:17:38;false;2026-04-20T04:27:00;2026-04-20T05:55:35
3;whether quirkily;2026-04-19T20:09:44;2026-04-19T22:41:05;2626;although blah;safe;which excepting;13372.66;15422.67;PERCENT;31377.66;31320.58;17834.41;8220.56;13811.57;21101.32;12344.07;12081.34;16047.64;FINAL;INVOICE;20292;remand;than;2026-04-19T12:16:19;true;2026-04-19T14:46:37;2026-04-19T14:15:00
4;bah joshingly decide;2026-04-20T06:58:19;2026-04-20T06:32:54;2513;trivial;frantically to guide;across;4190.78;15234.14;PERCENT;1594.84;23142.4;17801.72;30032.64;27616.11;7270.01;25079.92;1639.91;30444.99;DRAFT;CREDIT_NOTE;25442;evil;between;2026-04-19T15:31:02;true;2026-04-19T10:16:59;2026-04-19T12:01:47
5;energetically;2026-04-20T03:48:24;2026-04-19T11:06:14;760;hello;aha testimonial remand;after positively yahoo;3984.34;2896.02;PERCENT;27678.47;6150.23;10427.17;22861.44;2712.83;725.16;11843.54;24771.87;5299.78;FINAL;CREDIT_NOTE;25279;brace bookcase where;up tool;2026-04-19T14:13:48;true;2026-04-19T13:44:05;2026-04-19T10:15:08
6;plastic almost midst;2026-04-19T14:32:58;2026-04-19T21:49:55;973;inasmuch instead;nifty sticky zowie;never mixed why;686.11;3652.94;PERCENT;5084.8;11793.28;261.55;15696.74;25767.03;17274.35;4400.45;17196.06;15384.88;CANCELLED;INVOICE;22975;ownership thorny;fake psst;2026-04-20T03:59:27;true;2026-04-20T06:08:37;2026-04-20T09:04:23
7;abaft;2026-04-19T17:03:27;2026-04-19T23:52:11;85;whoever;rationale starch testimonial;bicycle well-lit;30140.35;12156.54;PERCENT;4833.3;7719.4;29887.36;17539.33;13965.15;26995.67;872.02;6517.73;23724.95;FINAL;INVOICE;2896;pry excluding clamp;odd;2026-04-19T19:01:58;true;2026-04-19T22:57:18;2026-04-20T05:03:08
8;gadzooks;2026-04-19T23:18:20;2026-04-19T12:23:27;506;solemnly dusk zowie;pro noxious sweetly;ouch anxiously;26292.2;21905.56;AMOUNT;22662.69;10805.51;19154.9;21954.81;2519.72;2226.69;26924.82;32199.88;29018.27;DRAFT;CREDIT_NOTE;7967;sarong;muffled;2026-04-19T21:43:14;true;2026-04-19T23:53:52;2026-04-19T17:34:49
9;feather;2026-04-19T10:46:03;2026-04-19T11:08:40;988;warped under stack;sudden apud;righteously;3182.5;409.56;AMOUNT;10832.25;15308.63;11392.62;13731.51;8672.46;1069.23;12349.81;8702.28;20385.95;DRAFT;INVOICE;1793;versus;scarily;2026-04-19T19:54:00;false;2026-04-20T08:14:08;2026-04-19T10:38:48
10;ew into;2026-04-19T22:49:18;2026-04-19T16:42:09;2;that;under topsail;hungrily perfumed;23562.86;8847.23;AMOUNT;28676.86;13990.52;31903.37;6233.33;31078.45;28719.75;5113.17;31537.91;20759.72;CANCELLED;INVOICE;13555;challenge upliftingly in;mummify;2026-04-19T18:27:31;false;2026-04-19T18:32:13;2026-04-20T04:39:21
11;educated fooey;2026-04-19T13:05:19;2026-04-19T21:56:09;2787;ouch quaintly phew;gee ownership old;regulate strictly wrathful;29151.33;19864.5;AMOUNT;30523.69;30798.63;16247.77;8047.59;16645.31;21763.14;17766.02;28566.14;16779.04;FINAL;CREDIT_NOTE;4603;notwithstanding agreement;hunger gladly;2026-04-19T10:38:36;false;2026-04-19T14:32:59;2026-04-20T07:44:35
12;if beyond whenever;2026-04-20T08:03:47;2026-04-19T17:57:08;1988;gosh;entry how;treasure stage;29662.24;32312.5;PERCENT;9287.89;3337.5;27056.76;22537.34;4532.87;7518.82;21378.95;14669.02;25879.87;CANCELLED;INVOICE;1488;duh border;sleepily impartial;2026-04-19T17:54:50;true;2026-04-19T11:36:37;2026-04-19T20:13:55
13;claw past;2026-04-19T11:03:21;2026-04-20T05:48:40;1303;for;more ah tightly;ick around ravage;22208.5;16369.81;PERCENT;16309.3;25018.51;30706.72;17022.85;28670.21;6171.24;21930.62;13770.28;25716.44;FINAL;INVOICE;29818;hospitable for excluding;ridge because;2026-04-19T11:35:12;true;2026-04-19T14:37:28;2026-04-19T23:53:35
14;fortunately ouch supplier;2026-04-20T07:46:59;2026-04-20T00:07:21;1601;whose huzzah why;naturally deeply;cleaner demob which;31865.09;12807.57;AMOUNT;20246.66;4591.63;14970.5;13094.83;19968.22;5353.46;6031.05;11994.08;30484.25;DRAFT;INVOICE;23058;electrify;damaged;2026-04-20T02:56:17;true;2026-04-19T13:09:05;2026-04-19T12:46:32
15;hence grim;2026-04-20T09:04:53;2026-04-20T03:26:11;866;concerning blah kinase;loosely stable needily;whoever omelet unhappy;18153.24;30441.07;AMOUNT;9394.24;14569.44;29023.9;5706.6;19460.47;16976.17;3213.24;17981.29;2124.3;DRAFT;CREDIT_NOTE;13045;about ack;gosh;2026-04-19T20:51:14;true;2026-04-20T03:07:29;2026-04-19T20:20:43
16;barring;2026-04-19T19:02:06;2026-04-19T17:32:18;1133;cheerfully;technician council;regularly;9810.68;6855.79;PERCENT;22906.46;9998.87;10670.9;11598.88;1105.44;8000.11;21788.62;17409.46;23694.86;DRAFT;INVOICE;4347;miserly knavishly;frugal loyally tune;2026-04-19T16:05:23;true;2026-04-20T06:55:49;2026-04-19T09:39:09
17;wedge;2026-04-19T14:12:43;2026-04-19T15:46:46;114;disposer blah trained;circumference;tinted promptly corner;22401.31;618.49;PERCENT;4017.9;6495.99;24939.5;9620.19;12346.8;32377.38;16796.27;13666.74;3161.32;CANCELLED;INVOICE;3733;smug celsius fowl;whoever accredit;2026-04-19T15:39:42;false;2026-04-19T15:47:49;2026-04-20T04:34:04
18;horde;2026-04-20T01:56:13;2026-04-19T20:52:55;1202;skeleton sympathetically usher;wherever;behold hence;28512.59;10945.26;AMOUNT;13496.57;32055.11;26048.01;13194.78;32204.67;3729.08;21644;12759.96;28684.92;FINAL;CREDIT_NOTE;29829;untimely likely randomize;earnest quarrelsomely punctually;2026-04-19T20:55:14;false;2026-04-20T08:40:09;2026-04-19T12:15:26
19;um;2026-04-19T22:29:46;2026-04-19T23:23:00;16;hmph numeric;until;apt extremely;25615.97;16033.86;AMOUNT;11104.11;2883.06;18178.77;28839.07;23914.15;27575.5;9073.79;11591.25;15526.99;FINAL;INVOICE;13286;why;unwieldy pro;2026-04-20T07:25:42;true;2026-04-20T05:14:00;2026-04-19T18:26:36
20;printer;2026-04-20T08:21:58;2026-04-20T08:44:52;481;inside profuse;cod;reluctantly yippee hmph;24600.08;10441.66;PERCENT;12747.73;30538.66;13433.44;23080.87;18756.12;6687.38;22678.86;6565.85;23621.82;DRAFT;INVOICE;14951;hmph as;mushy bonnet yuck;2026-04-19T14:12:13;true;2026-04-20T01:04:35;2026-04-19T16:49:06
21;majestically;2026-04-20T05:24:37;2026-04-19T19:32:17;1862;hm meanwhile;glider;eek;28944.55;31593.29;AMOUNT;31672.25;1876.42;10030.09;30012.84;17196.39;25636.95;24572.39;7846.53;27453.46;FINAL;CREDIT_NOTE;18627;incidentally reckon;loftily hopeful unlike;2026-04-19T09:54:28;false;2026-04-19T20:05:52;2026-04-19T18:32:54
22;up yet adventurously;2026-04-19T16:44:46;2026-04-19T16:10:11;719;elementary ditch;rightfully across quantify;serenade;19692.59;8350.98;AMOUNT;9240.11;10568.29;30776.43;15572.05;2958.55;14409.38;7111.75;21199.75;11819.58;CANCELLED;INVOICE;16096;profuse geez;while finally;2026-04-19T18:30:07;true;2026-04-19T13:08:37;2026-04-19T13:27:54
23;daintily immaculate;2026-04-20T02:43:20;2026-04-20T01:53:47;2183;quicker circumnavigate where;whether;silver;9695.2;6317.65;PERCENT;6351.35;24156.81;3368.74;4665.01;1750.43;1376.89;8353.22;15499.07;3232.64;CANCELLED;INVOICE;19746;pointless;bah hoof reckon;2026-04-20T06:28:06;true;2026-04-20T05:22:01;2026-04-19T19:16:17
24;yuck questioningly;2026-04-19T11:15:17;2026-04-19T13:58:31;2366;heighten obedient;mortally;receptor taro;9186.99;1184.47;PERCENT;3385.99;19621.1;12365.17;13728.48;20886.53;24830.82;11146.92;9016.09;1013.88;DRAFT;INVOICE;17724;design;than;2026-04-20T02:28:31;true;2026-04-19T23:44:51;2026-04-19T16:48:49
25;knotty boo misread;2026-04-19T13:03:25;2026-04-19T14:30:21;3297;pricey;broadside ack since;whereas brightly;16628.16;17212.67;PERCENT;3914.6;32152.64;24364.78;30207.38;21222.29;13915.9;3020.08;1497.87;14938.83;CANCELLED;CREDIT_NOTE;10654;parsnip regular;deprave urgently tune;2026-04-20T06:31:30;true;2026-04-19T20:05:25;2026-04-20T07:25:32
26;near qua mortise;2026-04-19T17:58:50;2026-04-20T06:04:16;3424;tremendously where striking;fencing;uh-huh;29753.2;781.73;AMOUNT;24673.71;15458.99;7129.17;18592.94;11214.36;6558.7;22746.92;150.65;8068.25;CANCELLED;CREDIT_NOTE;2824;splosh psst drat;wilted;2026-04-20T06:51:01;false;2026-04-20T06:48:35;2026-04-20T09:00:53
27;since spectate confiscate;2026-04-19T15:56:23;2026-04-20T08:03:38;2976;splash;as;inasmuch;23415.08;1762.76;PERCENT;19721.9;9422.51;28127.13;14599.07;14461.63;6304.79;12419.22;3747.26;25634.03;DRAFT;CREDIT_NOTE;1917;speedily thump;revitalise whoever unfortunately;2026-04-19T22:40:43;true;2026-04-20T04:42:50;2026-04-19T15:47:36
28;provided parody sock;2026-04-20T02:32:28;2026-04-19T15:05:24;1112;yuck;drat;abnegate tedious;10619.78;28852.09;PERCENT;31079.4;30431.37;22428.82;16269.51;7856.2;23263.04;31810.96;1698.77;1000.35;FINAL;CREDIT_NOTE;13240;including bestride worthless;footrest igloo with;2026-04-19T16:42:39;false;2026-04-20T03:59:30;2026-04-20T08:51:12
29;modulo vastly;2026-04-19T15:37:49;2026-04-19T20:13:59;1225;solace;charter;so um;8272.31;25459.2;AMOUNT;6628.05;23776.55;30988.25;13250.89;8296.41;13678.67;2712.69;21560.02;17260.5;CANCELLED;CREDIT_NOTE;26639;as oh;maintainer versus;2026-04-20T07:02:23;true;2026-04-19T14:05:25;2026-04-20T06:48:57
30;blah abscond jaggedly;2026-04-19T11:49:42;2026-04-19T19:50:05;1862;because;tag interestingly sell;apud;27462.56;5675.73;AMOUNT;24142.86;18873.93;13730.42;29187.47;9422.96;14918.11;15858.89;3562.42;13681.25;FINAL;INVOICE;7590;drat;aw;2026-04-20T05:56:22;false;2026-04-19T10:59:57;2026-04-19T12:11:39
